,models,train_loss,train_acc,train_precision,train_recall,train_auc,train_fn,train_fp,train_tn,train_tp,val_loss,val_acc,val_precision,val_recall,val_auc,val_fn,val_fp,val_tn,val_tp
0,cnn_tuned,0.0363111607730388,0.98679381608963,0.9863000512123108,0.9873003363609314,0.998825192451477,889.0,960.0,69048.0,69113.0,0.2601166665554046,0.91813462972641,0.9141671657562256,0.9235858917236328,0.9699560403823853,1513.0,1717.0,17938.0,18287.0
1,effnetv2L,0.1354842782020568,0.9464752674102784,0.9437471628189088,0.9495443105697632,0.9884348511695862,3532.0,3962.0,66046.0,66470.0,0.2863996624946594,0.891167163848877,0.8874562978744507,0.8968687057495117,0.9564414024353028,2042.0,2252.0,17403.0,17758.0
2,effnetv2b0,0.003119112,0.977746248,0.994270265,0.96343106,0.993228495,86257.0,89180.0,3385.0,608.0,0.119600914,0.965126276,0.991853774,0.949819207,0.982412755,18614.0,19439.0,1027.0,348.0
4,cnn_benchmark,0.202,0.9176,0.91,0.927,0.9747,5112.0,6418.0,63583.0,64889.0,0.4216,0.8216,0.7723,0.9139,0.9169,1704.0,5331.0,14310.0,18083.0
